{
  "global": {
    "livetime_days_total": 2851.184704789579,
    "n_energy_bins": 5,
    "n_pix": 3145728,
    "nest": true,
    "nside": 512,
    "seasons_found": [
      "IC40",
      "IC59",
      "IC86_I",
      "IC86_II",
      "IC86_III",
      "IC86_IV",
      "IC86_V",
      "IC86_VI"
    ],
    "seasons_requested": [
      "IC40",
      "IC59",
      "IC79",
      "IC86_I",
      "IC86_II",
      "IC86_III",
      "IC86_IV",
      "IC86_V",
      "IC86_VI",
      "IC86_VII"
    ]
  },
  "notes": {
    "counts_map_dtype": "int64",
    "counts_map_shape": [
      5,
      3145728
    ],
    "energy_edges_GeV": [
      10000.0,
      39810.71705534969,
      158489.3192461114,
      630957.344480193,
      2511886.431509582,
      10000000.0
    ]
  },
  "season_livetime_days": {
    "IC40": 376.3603109101532,
    "IC59": 353.57758241001284,
    "IC86_I": 332.9630441499248,
    "IC86_II": 331.9771613799312,
    "IC86_III": 362.9408840498363,
    "IC86_IV": 370.6848971298896,
    "IC86_V": 365.3530335898613,
    "IC86_VI": 357.3277911699697
  }
}